image,label,score,x1,y1,x2,y2
image_43_jpg.rf.d86619e766120e5aaf0f8d07c9dd2cda.jpg,stainless steel electric kettle,0.1662237048149109,69.92724609375,60.622406005859375,359.0731201171875,617.4974975585938
image_43_jpg.rf.d86619e766120e5aaf0f8d07c9dd2cda.jpg,stainless steel electric kettle,0.3027922511100769,362.04241943359375,210.689697265625,597.9957275390625,578.5204467773438
image_32_jpg.rf.72892be5071cc65196cb5bbb38bc4512.jpg,stainless steel electric kettle,0.1512867957353592,97.25027465820312,125.9499740600586,236.3502655029297,490.4828186035156
image_32_jpg.rf.72892be5071cc65196cb5bbb38bc4512.jpg,stainless steel electric kettle,0.27630507946014404,365.0921630859375,191.31483459472656,491.9512939453125,441.6641845703125
image_32_jpg.rf.72892be5071cc65196cb5bbb38bc4512.jpg,stainless steel electric kettle,0.1742555797100067,214.4636688232422,245.83740234375,356.82733154296875,448.1514892578125
image_75_jpg.rf.45f7e828d7f28c0f0b9ba53230fa6605.jpg,stainless steel electric kettle,0.22482161223888397,538.365478515625,347.4501953125,589.0572509765625,423.8499450683594
image_94_jpg.rf.54db20132a8d536218f8832218d60948.jpg,stainless steel electric kettle,0.10795663297176361,377.76007080078125,37.14191436767578,638.321044921875,523.9700317382812
image_22_jpg.rf.4497b908c343c60f1d27b666dd8d5af4.jpg,stainless steel electric kettle,0.1322868913412094,55.9564208984375,106.20329284667969,397.9344482421875,431.2364196777344
image_22_jpg.rf.4497b908c343c60f1d27b666dd8d5af4.jpg,stainless steel electric kettle,0.17472060024738312,403.80670166015625,217.53114318847656,633.5526123046875,416.93353271484375
image_82_jpg.rf.d68900600c60c929f312d4a9fa54a87c.jpg,stainless steel electric kettle,0.16720245778560638,203.17559814453125,27.667598724365234,430.8992004394531,522.4929809570312
image_82_jpg.rf.d68900600c60c929f312d4a9fa54a87c.jpg,stainless steel electric kettle,0.1966938078403473,204.4579315185547,194.17105102539062,426.37841796875,522.8888549804688
image_79_jpg.rf.49ac0f635481617ccf8fb1ce9e5b47cf.jpg,stainless steel electric kettle,0.2372623085975647,98.72699737548828,309.6196594238281,141.0452423095703,353.04010009765625
image_79_jpg.rf.49ac0f635481617ccf8fb1ce9e5b47cf.jpg,stainless steel electric kettle,0.37417879700660706,327.4657897949219,316.5482177734375,369.1244812011719,362.09844970703125
image_79_jpg.rf.49ac0f635481617ccf8fb1ce9e5b47cf.jpg,stainless steel electric kettle,0.12799040973186493,379.209228515625,333.471435546875,407.43841552734375,361.4791259765625
image_34_jpg.rf.3b63066cc1ed967680154f0738452c63.jpg,stainless steel electric kettle,0.12690001726150513,435.50958251953125,168.6497344970703,569.62646484375,472.651123046875
image_34_jpg.rf.3b63066cc1ed967680154f0738452c63.jpg,stainless steel electric kettle,0.10743724554777145,441.6177062988281,167.43475341796875,575.2755126953125,559.689208984375
image_156_jpg.rf.1f68aef6ecbd2f53e450539c587dd81d.jpg,stainless steel electric kettle,0.3599614202976227,180.56149291992188,178.00119018554688,430.6932373046875,495.90277099609375
image_156_jpg.rf.1f68aef6ecbd2f53e450539c587dd81d.jpg,stainless steel electric kettle,0.14750562608242035,485.4238586425781,238.09512329101562,640.5028686523438,488.7852783203125
image_78_jpg.rf.6930a43de7b882b45d1e5e7c181ab9f6.jpg,stainless steel electric kettle,0.10366746783256531,375.9591979980469,303.52984619140625,410.6649475097656,359.34466552734375
image_33_jpg.rf.429431291699ba82cbc7b251fb4304de.jpg,stainless steel electric kettle,0.2253429889678955,32.646141052246094,194.68170166015625,335.5867004394531,464.03192138671875
image_33_jpg.rf.429431291699ba82cbc7b251fb4304de.jpg,stainless steel electric kettle,0.20905473828315735,300.4420471191406,234.843017578125,542.5904541015625,440.1684265136719
image_179_jpg.rf.654b67499684d5cefe708675eb6447f3.jpg,stainless steel electric kettle,0.2933613061904907,54.10069274902344,184.53782653808594,280.4744873046875,593.8416748046875
image_165_jpg.rf.1ba2b7d2c1a716cc04f4dd73b2d4acfe.jpg,stainless steel electric kettle,0.4152096211910248,299.9971008300781,254.98741149902344,574.3958740234375,594.6470947265625
image_41_jpg.rf.f79f0591e5855fd995c5cf81df964999.jpg,stainless steel electric kettle,0.26462605595588684,306.75115966796875,193.19903564453125,507.7462158203125,490.31787109375
image_2_jpg.rf.e26af757e17a18f0b550d0cbfc158781.jpg,stainless steel electric kettle,0.3720828592777252,466.2268371582031,244.66232299804688,613.5298461914062,539.8743896484375
image_2_jpg.rf.e26af757e17a18f0b550d0cbfc158781.jpg,stainless steel electric kettle,0.21824027597904205,302.96490478515625,265.88800048828125,458.9004821777344,498.8813781738281
image_52_jpg.rf.2bdaf5579af88b4b9f50a8ece305e171.jpg,stainless steel electric kettle,0.10308360308408737,114.99584197998047,162.09341430664062,272.86346435546875,494.9116516113281
image_44_jpg.rf.047f8f42d60a321cc7f538abbfc72b2e.jpg,stainless steel electric kettle,0.15256260335445404,35.41462707519531,170.12071228027344,284.9894714355469,518.1829223632812
image_44_jpg.rf.047f8f42d60a321cc7f538abbfc72b2e.jpg,stainless steel electric kettle,0.1668631136417389,268.53582763671875,239.14712524414062,613.5540771484375,530.457763671875
image_7_jpg.rf.ba04507255db8bb2db0db5a3e17faca9.jpg,stainless steel electric kettle,0.16393305361270905,185.73098754882812,159.68736267089844,375.27105712890625,602.313232421875
image_7_jpg.rf.ba04507255db8bb2db0db5a3e17faca9.jpg,stainless steel electric kettle,0.45842739939689636,367.1246337890625,255.85044860839844,555.0057373046875,593.4680786132812
image_56_jpg.rf.4fd188dd14ff526664d4fcea7acb077a.jpg,stainless steel electric kettle,0.15595126152038574,412.06927490234375,195.6720733642578,575.7410888671875,418.8644104003906
image_114_jpg.rf.e61efb0d5ed4ced191aed05238eba165.jpg,stainless steel electric kettle,0.44367358088493347,170.54574584960938,329.27606201171875,315.2222595214844,574.8109130859375
image_148_jpg.rf.709b26c2f071689cb275b3c0257c01fd.jpg,stainless steel electric kettle,0.1874808371067047,54.597320556640625,31.171741485595703,595.1718139648438,504.6199035644531
image_20_jpg.rf.2274a45eef6b3f1236184378e2f39a64.jpg,stainless steel electric kettle,0.11130841076374054,-6.807212829589844,182.84765625,204.8098907470703,565.469482421875
image_20_jpg.rf.2274a45eef6b3f1236184378e2f39a64.jpg,stainless steel electric kettle,0.4272797107696533,457.57818603515625,238.04806518554688,608.31396484375,480.39654541015625
image_129_jpg.rf.55ce5d51f42738e11c626822f848ded6.jpg,stainless steel electric kettle,0.26267343759536743,163.37554931640625,301.55950927734375,408.41363525390625,579.3123779296875
image_166_jpg.rf.98d93bc440c352c8afb095bd1a1d76f4.jpg,stainless steel electric kettle,0.22914405167102814,272.9568786621094,49.88492965698242,572.260986328125,513.0523681640625
image_59_jpg.rf.f48676b2b42ea1eb12eee3ca7d09ff28.jpg,stainless steel electric kettle,0.10444794595241547,147.28713989257812,1.5673828125,354.0106506347656,254.19149780273438
image_59_jpg.rf.f48676b2b42ea1eb12eee3ca7d09ff28.jpg,stainless steel electric kettle,0.1389591544866562,423.7984619140625,7.694301605224609,639.234375,465.56549072265625
image_59_jpg.rf.f48676b2b42ea1eb12eee3ca7d09ff28.jpg,stainless steel electric kettle,0.12780427932739258,68.80221557617188,70.99018096923828,281.94580078125,401.88714599609375
image_9_jpg.rf.8a1834d07715513f9e0b3c9b332a5256.jpg,stainless steel electric kettle,0.15154679119586945,155.8568115234375,252.95494079589844,383.21728515625,470.54876708984375
image_40_jpg.rf.9fea74b79bf27581c3d1f1878d476a52.jpg,stainless steel electric kettle,0.14980235695838928,9.088029861450195,84.93757629394531,195.48904418945312,437.531494140625
image_40_jpg.rf.9fea74b79bf27581c3d1f1878d476a52.jpg,stainless steel electric kettle,0.288910835981369,468.0189208984375,184.23204040527344,636.0755004882812,446.03515625
image_40_jpg.rf.9fea74b79bf27581c3d1f1878d476a52.jpg,stainless steel electric kettle,0.2621331512928009,213.9324188232422,176.07083129882812,450.9382629394531,457.4732971191406
image_25_jpg.rf.718cd369c1d4ad3bba04300a3388a1d6.jpg,stainless steel electric kettle,0.10381635278463364,51.26123046875,470.4093933105469,187.7935028076172,566.1530151367188
image_91_jpg.rf.e5c3e5c2983531ed7031a4864493bed2.jpg,stainless steel electric kettle,0.25976377725601196,386.361328125,237.0598602294922,641.7845458984375,528.846435546875
image_76_jpg.rf.16d2cc4de6297f3f3ea2ca3ad05e276c.jpg,stainless steel electric kettle,0.16473709046840668,127.0853271484375,194.78126525878906,344.672607421875,410.9772033691406
image_76_jpg.rf.16d2cc4de6297f3f3ea2ca3ad05e276c.jpg,stainless steel electric kettle,0.2066439539194107,328.74432373046875,112.63500213623047,514.7053833007812,359.9737854003906
image_61_fp_jpg.rf.4bf0b0bcc2d0b96f7260bc12052dabf0.jpg,stainless steel electric kettle,0.1060461550951004,164.83734130859375,315.0765075683594,198.6695098876953,371.86944580078125
image_173_jpg.rf.aaa74a72ac5c6e152f5b22bec15750f7.jpg,stainless steel electric kettle,0.2780044674873352,157.31735229492188,157.13925170898438,365.279296875,440.2561950683594
image_74_jpg.rf.c0d5374c30df1c70674b4abcf36147a7.jpg,stainless steel electric kettle,0.15761196613311768,446.6960144042969,268.33935546875,626.6739501953125,556.5845947265625
image_184_jpg.rf.857ca1b439853e0713b85a45a8e53be5.jpg,stainless steel electric kettle,0.11269189417362213,333.826416015625,45.08430480957031,561.4304809570312,428.43194580078125
image_184_jpg.rf.857ca1b439853e0713b85a45a8e53be5.jpg,stainless steel electric kettle,0.17261366546154022,212.75697326660156,350.6333923339844,357.3863220214844,557.2833251953125
image_136_jpg.rf.ee4042e8b71673c6526499e8558d81a4.jpg,stainless steel electric kettle,0.12078011780977249,36.369380950927734,96.00981140136719,599.510986328125,606.5072631835938
image_107_jpg.rf.f689ac9657de913811956d99af2fd195.jpg,stainless steel electric kettle,0.2684785723686218,64.86384582519531,225.0279541015625,321.0108947753906,465.54217529296875
image_151_jpg.rf.0695fa0fe6757ccf1304a5bd3357ce1a.jpg,stainless steel electric kettle,0.26180246472358704,338.876953125,144.75186157226562,512.4205322265625,438.61083984375
image_177_jpg.rf.24ad16eaee5666c15169e926e4a84506.jpg,stainless steel electric kettle,0.26889413595199585,168.61000061035156,0.6976699829101562,474.0959167480469,628.8382568359375
image_133_jpg.rf.37b1a7ff850e3cb7b3592d9ed7368422.jpg,stainless steel electric kettle,0.3203856945037842,424.8533630371094,77.91029357910156,638.1511840820312,447.7772521972656
image_133_jpg.rf.37b1a7ff850e3cb7b3592d9ed7368422.jpg,stainless steel electric kettle,0.3570348620414734,278.4018249511719,193.20156860351562,441.69451904296875,378.0088806152344
image_11_jpg.rf.0b79554ba97e3bfef75f188883f66b50.jpg,stainless steel electric kettle,0.18963557481765747,162.5753173828125,243.1048583984375,256.61175537109375,443.3738708496094
image_11_jpg.rf.0b79554ba97e3bfef75f188883f66b50.jpg,stainless steel electric kettle,0.2961912453174591,352.90380859375,212.7589569091797,505.5157470703125,584.7550048828125
image_16_jpg.rf.aaf9fbb58174face5bcbd2f405d0a91d.jpg,stainless steel electric kettle,0.2851881980895996,418.635986328125,239.72171020507812,639.2125854492188,543.0343017578125
image_130_jpg.rf.d60ec236f66eb671f1cabc068af6af55.jpg,stainless steel electric kettle,0.24833343923091888,227.584716796875,105.87848663330078,560.5613403320312,454.926025390625
image_87_jpg.rf.4a7caf9aff87dd7c9733d14a5055deb6.jpg,stainless steel electric kettle,0.20394359529018402,360.5513916015625,73.26463317871094,556.279052734375,458.189453125
image_50_jpg.rf.0a86ff77e6356ac895b435dc60207d86.jpg,stainless steel electric kettle,0.10680873692035675,216.44473266601562,149.04855346679688,347.7892761230469,524.5325317382812
image_24_jpg.rf.cba2257d11e0061f80d8b8640ee4d2e1.jpg,stainless steel electric kettle,0.35137856006622314,508.177490234375,266.50537109375,641.3973999023438,618.8695068359375
image_155_jpg.rf.d259740b20784d4f68ff151b143bff0c.jpg,stainless steel electric kettle,0.2661626636981964,407.255126953125,164.31637573242188,614.6328125,430.9276123046875
image_116_jpg.rf.3824c4676c4ca0d81447819eb5e9edb3.jpg,stainless steel electric kettle,0.263990581035614,256.1664123535156,0.5131912231445312,584.0438232421875,446.7887878417969
image_116_jpg.rf.3824c4676c4ca0d81447819eb5e9edb3.jpg,stainless steel electric kettle,0.1674014925956726,256.5194396972656,-4.162483215332031,581.8319091796875,444.22979736328125
image_71_jpg.rf.f66574d91704f3b374b7ff0fb1dcb46d.jpg,stainless steel electric kettle,0.10318168997764587,-4.114837646484375,66.29650115966797,328.31781005859375,412.0478515625
image_71_jpg.rf.f66574d91704f3b374b7ff0fb1dcb46d.jpg,stainless steel electric kettle,0.23491016030311584,95.66700744628906,222.20672607421875,320.8752746582031,419.47625732421875
image_71_jpg.rf.f66574d91704f3b374b7ff0fb1dcb46d.jpg,stainless steel electric kettle,0.13009685277938843,95.78767395019531,228.3479461669922,318.5164794921875,422.29833984375
image_119_jpg.rf.d5bcb156cc6965dee818d840fdb00114.jpg,stainless steel electric kettle,0.26409798860549927,179.66397094726562,-2.2729873657226562,524.2610473632812,574.1846313476562
image_161_jpg.rf.4b8e1d5ec0e0748ff61b08b7b28719e4.jpg,stainless steel electric kettle,0.3258206844329834,5.784492492675781,33.605499267578125,403.5733642578125,624.42578125
image_145_jpg.rf.77a5039ceb6ca5b405ea470d46ea5fe4.jpg,stainless steel electric kettle,0.2684638202190399,311.5878601074219,293.5068359375,451.4795227050781,459.854736328125
image_21_jpg.rf.da6badc647118421bf89673dc4c553cb.jpg,stainless steel electric kettle,0.25639504194259644,119.3037109375,76.68415069580078,327.05926513671875,513.1197509765625
image_21_jpg.rf.da6badc647118421bf89673dc4c553cb.jpg,stainless steel electric kettle,0.306240975856781,300.38946533203125,183.13925170898438,526.6669921875,494.5181884765625
image_21_jpg.rf.da6badc647118421bf89673dc4c553cb.jpg,stainless steel electric kettle,0.12610210478305817,199.47372436523438,260.6545715332031,331.9143371582031,464.1443176269531
image_65_jpg.rf.dcf641f6c1ec49bbb51008d38cb47222.jpg,stainless steel electric kettle,0.20050214231014252,145.74827575683594,164.76678466796875,255.18829345703125,295.73199462890625
image_142_jpg.rf.fea0316edaa7378f2bba0474f87c99ce.jpg,stainless steel electric kettle,0.11347682029008865,255.611572265625,205.80870056152344,364.96258544921875,424.2510986328125
image_142_jpg.rf.fea0316edaa7378f2bba0474f87c99ce.jpg,stainless steel electric kettle,0.11458700150251389,472.82391357421875,384.8541564941406,619.853271484375,537.4215087890625
image_4_jpg.rf.6a722994d4a530c2854a79a144cb67a7.jpg,stainless steel electric kettle,0.18853411078453064,217.5696563720703,162.85926818847656,387.1517333984375,421.0091552734375
image_4_jpg.rf.6a722994d4a530c2854a79a144cb67a7.jpg,stainless steel electric kettle,0.10738488286733627,28.96251678466797,52.59132385253906,219.11932373046875,486.7226867675781
image_4_jpg.rf.6a722994d4a530c2854a79a144cb67a7.jpg,stainless steel electric kettle,0.18165571987628937,380.516357421875,217.5698699951172,637.43408203125,485.89324951171875
image_90_jpg.rf.599250982f3b88593b922749818c8e73.jpg,stainless steel electric kettle,0.13773265480995178,292.7640380859375,130.5302276611328,644.0576782226562,632.6398315429688
image_42_jpg.rf.ae7f09b1e207cdfa0294fdb53d13b6b5.jpg,stainless steel electric kettle,0.3990737199783325,383.132080078125,281.89013671875,582.2559204101562,554.6613159179688
image_139_jpg.rf.a09778def93501859e4c00dae029bb19.jpg,stainless steel electric kettle,0.29857465624809265,141.1004638671875,329.301025390625,341.4001159667969,539.1835327148438
image_140_jpg.rf.f0b1c1ad13b549e3618222ae0dd138b1.jpg,stainless steel electric kettle,0.2621486186981201,65.85751342773438,213.74880981445312,236.33628845214844,582.3582763671875
image_202_jpg.rf.0f5ce9806defae0fe008d6b3c2f1bea8.jpg,stainless steel electric kettle,0.3359043598175049,152.39535522460938,111.40281677246094,333.17364501953125,443.52752685546875
image_187_jpg.rf.4a021028265b8d018637b2ac2bdb2973.jpg,stainless steel electric kettle,0.12517638504505157,125.89893341064453,144.0391845703125,537.2890625,446.47564697265625
image_178_jpg.rf.306378ba66058c9f9c86fd649dd665dc.jpg,stainless steel electric kettle,0.16222602128982544,78.62028503417969,110.82182312011719,314.3073425292969,512.1196899414062
image_80_jpg.rf.68106058e94ffd6bb295445e46cb8471.jpg,stainless steel electric kettle,0.1390194147825241,500.597412109375,398.7585754394531,543.7247924804688,435.1559143066406
image_34_fp_jpg.rf.05c13ec15a19dc8355d62eeba918c67c.jpg,stainless steel electric kettle,0.1384539008140564,358.46441650390625,204.44076538085938,622.4464111328125,519.412353515625
image_51_jpg.rf.34d9525227193f9c9907f2941ec639d2.jpg,stainless steel electric kettle,0.16753223538398743,-0.37738800048828125,307.736572265625,157.0329132080078,505.34368896484375
image_51_jpg.rf.34d9525227193f9c9907f2941ec639d2.jpg,stainless steel electric kettle,0.33917859196662903,268.50701904296875,298.2139587402344,387.50238037109375,458.28515625
image_97_jpg.rf.a14d376b0413c9fd3e45449f275bf48f.jpg,stainless steel electric kettle,0.13606508076190948,11.848726272583008,247.02041625976562,269.97589111328125,479.39605712890625
image_97_jpg.rf.a14d376b0413c9fd3e45449f275bf48f.jpg,stainless steel electric kettle,0.2877891957759857,429.83270263671875,226.6681671142578,639.560546875,533.5083618164062
image_134_jpg.rf.6eaf903d640e77aa990fcaba3d76841e.jpg,stainless steel electric kettle,0.2716311514377594,178.25592041015625,8.797969818115234,458.49468994140625,607.0936279296875
image_194_jpg.rf.009582fc7fe9bef274f0cbfc2b327544.jpg,stainless steel electric kettle,0.12565340101718903,221.7373046875,309.7898864746094,326.9527587890625,463.93157958984375
image_57_jpg.rf.fe2b7d2244fe5de0759eb67cedc96c7c.jpg,stainless steel electric kettle,0.14167919754981995,282.8826599121094,165.68077087402344,469.7082214355469,502.024169921875
image_111_jpg.rf.914da5e45050b68c2f5ef15ca9e1a878.jpg,stainless steel electric kettle,0.11509376019239426,391.3342590332031,144.52163696289062,640.7520751953125,493.06536865234375
image_181_jpg.rf.6f95f66da88f2312dfe6cdf23be72f0d.jpg,stainless steel electric kettle,0.43755748867988586,16.846961975097656,113.16409301757812,220.38063049316406,432.6492919921875
image_72_jpg.rf.77005b1fb60d8ef0f86b497d62893a0c.jpg,stainless steel electric kettle,0.18962590396404266,332.90191650390625,203.947998046875,472.88427734375,435.43389892578125
image_146_jpg.rf.ee623fab3ac5bfa1b02eb9d405e79727.jpg,stainless steel electric kettle,0.11097195744514465,57.65498352050781,67.08793640136719,260.6824035644531,464.1147155761719
image_146_jpg.rf.ee623fab3ac5bfa1b02eb9d405e79727.jpg,stainless steel electric kettle,0.43270888924598694,251.59555053710938,41.846160888671875,579.9630737304688,617.6709594726562
image_154_jpg.rf.c84fdea7af8cff400b41d1de8af25b43.jpg,stainless steel electric kettle,0.4112990200519562,390.0263671875,232.94837951660156,641.2816162109375,585.4785766601562
image_189_jpg.rf.4f49035169627999b89f537bbdf9973a.jpg,stainless steel electric kettle,0.30950847268104553,345.47943115234375,172.59432983398438,519.20654296875,457.997802734375
image_26_jpg.rf.c26e134383c5c2e4111b8e694b36a4b0.jpg,stainless steel electric kettle,0.12709718942642212,61.54072570800781,42.03367233276367,245.83267211914062,594.950927734375
image_28_fp_jpg.rf.51dbb3c3f5de4f274c99a4baea1b507b.jpg,stainless steel electric kettle,0.10352833569049835,132.68887329101562,69.42840576171875,492.0968933105469,630.5040893554688
image_197_jpg.rf.481933d357dbe73315c0fe232ec8ff13.jpg,stainless steel electric kettle,0.3090328872203827,459.68548583984375,191.02713012695312,580.4425659179688,374.9128723144531
image_169_jpg.rf.b4fc429a6f6fa32474e0aad70912fcaa.jpg,stainless steel electric kettle,0.4440145194530487,93.8608627319336,163.63961791992188,325.65350341796875,356.0037841796875
image_77_jpg.rf.599267a9de23e5b616db2a6e232d6cfa.jpg,stainless steel electric kettle,0.2975790202617645,177.13150024414062,65.21437072753906,452.5892333984375,523.1381225585938
image_77_jpg.rf.599267a9de23e5b616db2a6e232d6cfa.jpg,stainless steel electric kettle,0.11091519892215729,74.16695404052734,376.23223876953125,190.20098876953125,552.570068359375
image_23_fp_jpg.rf.6f0c02ec19e72f4abaa5cf6e212da590.jpg,stainless steel electric kettle,0.6703127026557922,260.20697021484375,261.9830627441406,334.3629455566406,371.6781311035156
image_23_fp_jpg.rf.6f0c02ec19e72f4abaa5cf6e212da590.jpg,stainless steel electric kettle,0.14374232292175293,261.43499755859375,263.49285888671875,323.98333740234375,370.5540466308594
image_23_fp_jpg.rf.6f0c02ec19e72f4abaa5cf6e212da590.jpg,stainless steel electric kettle,0.1605432629585266,266.0326843261719,303.86798095703125,317.459228515625,362.2585754394531
image_36_jpg.rf.6b4aeb20520b861ebe23572f9044c1d7.jpg,stainless steel electric kettle,0.1597972810268402,9.029178619384766,180.3309326171875,231.9896240234375,420.1549987792969
image_36_jpg.rf.6b4aeb20520b861ebe23572f9044c1d7.jpg,stainless steel electric kettle,0.2735414505004883,414.15313720703125,207.8209686279297,645.0379028320312,403.6044616699219
image_186_jpg.rf.8975235a6d3b382e70b1a7c7684a6b1c.jpg,stainless steel electric kettle,0.1674261838197708,175.97215270996094,149.00064086914062,479.88067626953125,560.389404296875
image_5_jpg.rf.92f09e6c09159f47a8ea6dd5d42e1bfc.jpg,stainless steel electric kettle,0.10082712769508362,120.66204071044922,269.2832946777344,219.91409301757812,460.099853515625
image_5_jpg.rf.92f09e6c09159f47a8ea6dd5d42e1bfc.jpg,stainless steel electric kettle,0.20931711792945862,270.5203857421875,414.5376281738281,383.0181884765625,513.8627319335938
image_5_jpg.rf.92f09e6c09159f47a8ea6dd5d42e1bfc.jpg,stainless steel electric kettle,0.21489594876766205,370.3236389160156,438.410888671875,459.1828918457031,547.822265625
image_53_jpg.rf.d4845c172e9e95d199fb5a1119e1820f.jpg,stainless steel electric kettle,0.11666115373373032,3.3662986755371094,83.02345275878906,273.3893737792969,554.9632568359375
image_53_jpg.rf.d4845c172e9e95d199fb5a1119e1820f.jpg,stainless steel electric kettle,0.32804355025291443,252.3985595703125,248.6060791015625,521.8897705078125,526.75634765625
image_113_jpg.rf.faa92a37eb3a6d1f5f7fe5ee9c1d7571.jpg,stainless steel electric kettle,0.11556815356016159,298.17559814453125,205.5975341796875,558.3493041992188,455.1849365234375
image_113_jpg.rf.faa92a37eb3a6d1f5f7fe5ee9c1d7571.jpg,stainless steel electric kettle,0.5798376798629761,299.9211120605469,219.9351348876953,498.80126953125,425.0953674316406
image_40_fp_jpg.rf.fc15503138b3d47320237f64afb7ec93.jpg,stainless steel electric kettle,0.16730211675167084,83.83769989013672,26.804561614990234,516.8451538085938,612.0272216796875
image_58_jpg.rf.647f326b08af200be4991c6601e81507.jpg,stainless steel electric kettle,0.525431752204895,366.01654052734375,256.91278076171875,463.5074462890625,379.16119384765625
image_164_jpg.rf.8e04bd1ebbbc315af6407e22390fecf8.jpg,stainless steel electric kettle,0.18073275685310364,8.7762451171875,323.43280029296875,299.8841857910156,597.4712524414062
image_47_jpg.rf.fb09ef287f1c65115b4c7a0591074a78.jpg,stainless steel electric kettle,0.24535486102104187,417.3651428222656,102.06623077392578,573.0323486328125,391.7486267089844
image_47_jpg.rf.fb09ef287f1c65115b4c7a0591074a78.jpg,stainless steel electric kettle,0.36913689970970154,232.072509765625,130.63446044921875,413.6805725097656,418.2445983886719
image_141_jpg.rf.4a0fd64cb72290e3d752b5ace770e8e1.jpg,stainless steel electric kettle,0.34546852111816406,79.40250396728516,195.28741455078125,238.27288818359375,462.05108642578125
image_175_jpg.rf.0d608cf149ade358c8fd697d3bf025a6.jpg,stainless steel electric kettle,0.3098750114440918,294.9866943359375,202.49122619628906,470.07080078125,471.21826171875
image_84_jpg.rf.881f50b705397c4d8a3185927199f857.jpg,stainless steel electric kettle,0.3428981304168701,276.32794189453125,337.71124267578125,574.768798828125,516.3652954101562
image_126_jpg.rf.875b37e3bed76f7287001a62fc3b517f.jpg,stainless steel electric kettle,0.1632678508758545,106.92703247070312,261.4502868652344,425.5625,506.4617919921875
image_162_jpg.rf.7093050655df9d72781af92725ddb6ea.jpg,stainless steel electric kettle,0.37439829111099243,165.57247924804688,122.03825378417969,395.2459411621094,412.3936462402344
image_162_jpg.rf.7093050655df9d72781af92725ddb6ea.jpg,stainless steel electric kettle,0.2209034264087677,389.8231506347656,176.54757690429688,572.5692138671875,397.2398376464844
image_67_jpg.rf.7182ad496167e102c378718347aaaea9.jpg,stainless steel electric kettle,0.33838948607444763,13.03992748260498,212.03762817382812,172.08843994140625,488.53961181640625
image_67_jpg.rf.7182ad496167e102c378718347aaaea9.jpg,stainless steel electric kettle,0.11742459237575531,209.9838409423828,209.58802795410156,362.2117614746094,507.7897644042969
image_61_jpg.rf.16eebfba23f30bd889ca544f8814e642.jpg,stainless steel electric kettle,0.1694713979959488,123.67059326171875,81.54039001464844,467.2331237792969,575.955810546875
image_76_jpg.rf.37dd7ae6f456d97093938717edfa770e.jpg,stainless steel electric kettle,0.27154091000556946,317.10711669921875,309.8944396972656,381.49462890625,365.4044189453125
image_39_jpg.rf.d1d1361a26558a83e4867b94ae7d9602.jpg,stainless steel electric kettle,0.25460290908813477,123.66769409179688,286.36041259765625,272.6277770996094,537.2955932617188
image_137_jpg.rf.a6d0896d7600906cf41211a4a3df7422.jpg,stainless steel electric kettle,0.10724461823701859,174.37416076660156,275.093505859375,304.11572265625,465.52276611328125
image_29_fp_jpg.rf.db9098d0a0f718b3b8285a91c1e720e6.jpg,stainless steel electric kettle,0.12190444767475128,107.55647277832031,-0.7867813110351562,616.317626953125,528.7509765625
image_10_jpg.rf.1b801ed2d6a165f8e0f02613808d0f04.jpg,stainless steel electric kettle,0.1848752647638321,168.6837615966797,260.35919189453125,359.6773681640625,629.564208984375
image_10_jpg.rf.1b801ed2d6a165f8e0f02613808d0f04.jpg,stainless steel electric kettle,0.20629796385765076,353.1119079589844,237.96145629882812,532.1610717773438,530.424560546875
image_144_jpg.rf.cdfbaa800d7f831ac7aa14a7f895ffd7.jpg,stainless steel electric kettle,0.13459080457687378,247.86764526367188,60.449466705322266,499.62762451171875,643.938232421875
image_8_jpg.rf.e540b62196d36027d57abe6d69415abd.jpg,stainless steel electric kettle,0.2747676968574524,296.6996765136719,252.9632568359375,427.1372985839844,433.16436767578125
image_35_jpg.rf.0c5d25b824a6021405d96184be1658cf.jpg,stainless steel electric kettle,0.1315215677022934,313.0212707519531,156.61412048339844,426.39996337890625,355.8016662597656
image_35_jpg.rf.0c5d25b824a6021405d96184be1658cf.jpg,stainless steel electric kettle,0.1421390026807785,279.599365234375,365.05889892578125,379.3948974609375,494.2752685546875
image_62_jpg.rf.b2aab2e77d0a962c35d9e7ebf0a3eb72.jpg,stainless steel electric kettle,0.18378251791000366,397.036865234375,300.989501953125,628.6744384765625,556.9569091796875
image_199_jpg.rf.6a8fb9a9bd553642172544f9f4716156.jpg,stainless steel electric kettle,0.36900055408477783,3.2709884643554688,123.493408203125,398.0077819824219,469.1294860839844
image_46_jpg.rf.f427f42f5b12f5d4a2a89b20f0f665a4.jpg,stainless steel electric kettle,0.22041034698486328,173.00765991210938,270.9339904785156,375.9603576660156,517.0360717773438
image_46_jpg.rf.f427f42f5b12f5d4a2a89b20f0f665a4.jpg,stainless steel electric kettle,0.3906477093696594,418.30694580078125,326.47003173828125,579.4775390625,497.00628662109375
image_157_jpg.rf.5b6bd40d55505cebfd9ccfbad8e67331.jpg,stainless steel electric kettle,0.5628994703292847,106.56239318847656,148.59022521972656,408.7852783203125,570.5620727539062
image_63_jpg.rf.c94359b23cdf70dce0cba53d625d820e.jpg,stainless steel electric kettle,0.13899803161621094,289.14434814453125,218.3777618408203,476.82257080078125,430.3094482421875
image_63_jpg.rf.c94359b23cdf70dce0cba53d625d820e.jpg,stainless steel electric kettle,0.20159699022769928,139.5620574951172,284.6067810058594,274.58978271484375,441.3887939453125
image_172_jpg.rf.ff73fb16ef720adfcbfddbaf5b3194c5.jpg,stainless steel electric kettle,0.5706788301467896,77.34829711914062,105.87222290039062,276.78656005859375,379.19744873046875
image_12_jpg.rf.94a1f88e888e6f326734e3defea7bdeb.jpg,stainless steel electric kettle,0.17231036722660065,138.9833984375,153.90090942382812,395.20379638671875,617.4694213867188
image_12_jpg.rf.94a1f88e888e6f326734e3defea7bdeb.jpg,stainless steel electric kettle,0.43661177158355713,426.0394592285156,236.04519653320312,569.3788452148438,435.3067321777344
image_203_jpg.rf.d743f73abcb382b8705213ba5a5b0847.jpg,stainless steel electric kettle,0.2848595678806305,95.4005355834961,154.81314086914062,277.22552490234375,414.168212890625
image_80_jpg.rf.41ced14c092916d2ef6e32364e538811.jpg,stainless steel electric kettle,0.42547816038131714,98.01454162597656,76.39625549316406,612.3858642578125,558.1495361328125
image_123_jpg.rf.d86c5cbc829c096c170405250453ede3.jpg,stainless steel electric kettle,0.15732508897781372,19.609355926513672,65.90498352050781,315.47113037109375,412.3136901855469
image_123_jpg.rf.d86c5cbc829c096c170405250453ede3.jpg,stainless steel electric kettle,0.1149350255727768,28.21619987487793,248.16799926757812,304.7351379394531,400.6968994140625
image_28_jpg.rf.328264cbe3f9b218a5dd9e740cf655d0.jpg,stainless steel electric kettle,0.16414420306682587,196.64822387695312,218.48106384277344,389.92852783203125,532.9767456054688
image_168_jpg.rf.a0f84863651007146f1f82da337ce501.jpg,stainless steel electric kettle,0.14802101254463196,9.45352554321289,174.54820251464844,527.1740112304688,475.1774597167969
image_6_jpg.rf.926346efe5fd2065f911d7a5444eb662.jpg,stainless steel electric kettle,0.20130418241024017,-1.7859315872192383,257.4432067871094,128.23426818847656,460.56231689453125
image_6_jpg.rf.926346efe5fd2065f911d7a5444eb662.jpg,stainless steel electric kettle,0.3236374855041504,107.81945037841797,323.2341003417969,270.7832336425781,477.7592468261719
image_6_jpg.rf.926346efe5fd2065f911d7a5444eb662.jpg,stainless steel electric kettle,0.14571179449558258,248.81878662109375,311.8627624511719,391.5985412597656,503.8513488769531
image_66_jpg.rf.ad1aa6bfd7a81d5ce4f8e9c3fee1afa3.jpg,stainless steel electric kettle,0.10149841755628586,305.57330322265625,160.5543212890625,619.1704711914062,380.56146240234375
image_138_jpg.rf.6c246739697b4ac1d1ecd4cfa1725811.jpg,stainless steel electric kettle,0.20216892659664154,116.78173065185547,82.74925231933594,234.700927734375,321.465576171875
image_73_jpg.rf.98dab831b26f047e29b9540b72c890c1.jpg,stainless steel electric kettle,0.11136444658041,335.2331848144531,480.051513671875,380.80792236328125,563.201416015625
image_158_jpg.rf.4917f333783bfa91365f21acd7e711ba.jpg,stainless steel electric kettle,0.29059991240501404,201.15476989746094,146.31314086914062,433.26593017578125,580.2885131835938
image_75_jpg.rf.2de08cb68e4353ea9fd694c0fa981049.jpg,stainless steel electric kettle,0.2777109444141388,197.78990173339844,74.067138671875,539.4509887695312,589.2403564453125
image_81_jpg.rf.14754056de21519593f71e0151b064f2.jpg,stainless steel electric kettle,0.209011048078537,277.0804138183594,106.8099594116211,446.61212158203125,498.7870788574219
image_81_jpg.rf.14754056de21519593f71e0151b064f2.jpg,stainless steel electric kettle,0.3757726848125458,454.9358825683594,244.0826416015625,606.5775146484375,529.8653564453125
image_81_jpg.rf.14754056de21519593f71e0151b064f2.jpg,stainless steel electric kettle,0.11305847764015198,278.09295654296875,263.2575988769531,435.6724548339844,496.03546142578125
image_196_jpg.rf.29f032d18d771662dfb75df4e374093c.jpg,stainless steel electric kettle,0.21505163609981537,378.6190185546875,221.70199584960938,465.28466796875,493.2335205078125
image_196_jpg.rf.29f032d18d771662dfb75df4e374093c.jpg,stainless steel electric kettle,0.23974978923797607,261.8910827636719,258.7805480957031,373.1068420410156,493.07415771484375
image_104_jpg.rf.1e43a3301d40de88fb1a5911da99b7d8.jpg,stainless steel electric kettle,0.5160354971885681,52.72221374511719,278.51885986328125,327.39349365234375,537.4853515625
image_127_jpg.rf.8e22c1ec7ed943cfa58679e8bd99d3bc.jpg,stainless steel electric kettle,0.2063852995634079,290.6824035644531,138.5415802001953,597.307373046875,507.1561279296875
image_127_jpg.rf.8e22c1ec7ed943cfa58679e8bd99d3bc.jpg,stainless steel electric kettle,0.13329945504665375,80.52458953857422,255.33340454101562,341.1729736328125,510.752197265625
image_77_jpg.rf.7532ef596c8ced4c82c88e41e4992b6b.jpg,stainless steel electric kettle,0.29936566948890686,205.38780212402344,411.3554382324219,243.63487243652344,460.0997314453125
image_201_jpg.rf.eaeb028335c91c51ad9083aa42752b13.jpg,stainless steel electric kettle,0.46150192618370056,374.3796081542969,51.37950134277344,543.8638916015625,319.1387939453125
image_17_jpg.rf.20cefce0f8e58a53ced82c833b0c6eb5.jpg,stainless steel electric kettle,0.25359687209129333,186.15675354003906,129.80227661132812,338.1588134765625,449.2529296875
image_17_jpg.rf.20cefce0f8e58a53ced82c833b0c6eb5.jpg,stainless steel electric kettle,0.10052946209907532,356.9346923828125,124.81423950195312,622.2188720703125,591.40771484375
image_117_jpg.rf.4b80e8d7de663e180833bbaa811683cc.jpg,stainless steel electric kettle,0.7087885737419128,433.3583068847656,303.9442138671875,626.522705078125,570.2863159179688
image_117_jpg.rf.4b80e8d7de663e180833bbaa811683cc.jpg,stainless steel electric kettle,0.3508913218975067,304.74688720703125,344.17864990234375,435.53448486328125,528.984619140625
image_117_jpg.rf.4b80e8d7de663e180833bbaa811683cc.jpg,stainless steel electric kettle,0.24170182645320892,41.87531280517578,294.9153137207031,209.19696044921875,469.84075927734375
image_131_jpg.rf.2f904da0957a67baf021048cf75592c7.jpg,stainless steel electric kettle,0.3944900929927826,401.4140319824219,73.01387786865234,638.5792236328125,486.11053466796875
image_131_jpg.rf.2f904da0957a67baf021048cf75592c7.jpg,stainless steel electric kettle,0.13981276750564575,239.29922485351562,157.635498046875,409.8426818847656,524.0208740234375
image_49_jpg.rf.ebaf7f3c77d585269bbcf501b999a460.jpg,stainless steel electric kettle,0.24089695513248444,7.763185501098633,270.632568359375,191.98757934570312,552.1676025390625
image_27_jpg.rf.b57066889be95cdd40163f55da56d942.jpg,stainless steel electric kettle,0.12913712859153748,103.33827209472656,221.10699462890625,265.86761474609375,417.34967041015625
image_27_jpg.rf.b57066889be95cdd40163f55da56d942.jpg,stainless steel electric kettle,0.2571796476840973,267.7647399902344,238.78366088867188,423.104248046875,385.79583740234375
image_38_jpg.rf.34082f8ba7efc4cef7641646119044ec.jpg,stainless steel electric kettle,0.20068347454071045,62.35499572753906,155.9052734375,265.270751953125,372.04156494140625
image_23_jpg.rf.80437770932b49e8ea83b331e54f7756.jpg,stainless steel electric kettle,0.13012726604938507,77.63805389404297,51.2462043762207,336.6480712890625,561.0849609375
image_23_jpg.rf.80437770932b49e8ea83b331e54f7756.jpg,stainless steel electric kettle,0.27932724356651306,366.25091552734375,231.88858032226562,572.52197265625,517.4744262695312
image_13_jpg.rf.63f13de77214ef43a23b3516f0c4a3d4.jpg,stainless steel electric kettle,0.19344645738601685,157.9976806640625,164.8997802734375,325.492919921875,470.1261901855469
image_60_jpg.rf.e6e4cb899cf2c1bb4e38cec621e1714d.jpg,stainless steel electric kettle,0.18763242661952972,222.626953125,212.0854949951172,389.237548828125,368.1241455078125
image_60_jpg.rf.e6e4cb899cf2c1bb4e38cec621e1714d.jpg,stainless steel electric kettle,0.11942031234502792,422.64117431640625,231.15135192871094,505.2676696777344,377.35858154296875
image_163_jpg.rf.8952d04d478af9cad922c7d5b334afb6.jpg,stainless steel electric kettle,0.13175907731056213,160.7998809814453,215.61851501464844,493.1715393066406,493.12200927734375
image_147_jpg.rf.45a008d93b8f9edfe7d8b83ac90ee368.jpg,stainless steel electric kettle,0.1044706329703331,32.15699005126953,168.02957153320312,277.50872802734375,529.9324951171875
image_31_jpg.rf.2bc111f45fe372bf163931f88b5dcf1f.jpg,stainless steel electric kettle,0.2818100154399872,354.92822265625,167.714111328125,555.53466796875,536.965087890625
image_143_jpg.rf.04b44b275501cf724662c09070ba4b5e.jpg,stainless steel electric kettle,0.408794641494751,265.08001708984375,177.0876922607422,592.0279541015625,543.2166137695312
image_18_jpg.rf.ea5a9df50159ad70e93c3a8e1a9b614c.jpg,stainless steel electric kettle,0.25840869545936584,34.94312286376953,6.430530548095703,245.98028564453125,447.36639404296875
image_18_jpg.rf.ea5a9df50159ad70e93c3a8e1a9b614c.jpg,stainless steel electric kettle,0.11006198078393936,273.28350830078125,187.91297912597656,474.7836608886719,436.8780212402344
image_18_jpg.rf.ea5a9df50159ad70e93c3a8e1a9b614c.jpg,stainless steel electric kettle,0.12469359487295151,280.38995361328125,187.32803344726562,416.4774169921875,434.4192810058594
image_15_jpg.rf.adab6437c4b73458c2ba67ff1872ee4a.jpg,stainless steel electric kettle,0.28766652941703796,201.05726623535156,245.0269775390625,402.9667663574219,505.0723571777344
image_15_jpg.rf.adab6437c4b73458c2ba67ff1872ee4a.jpg,stainless steel electric kettle,0.2031942754983902,406.669677734375,279.5638732910156,634.0325317382812,511.8385009765625
image_70_fp_jpg.rf.0e874910d5aef08d9194172be6f27a3b.jpg,stainless steel electric kettle,0.26605987548828125,478.88055419921875,283.2095031738281,534.5291748046875,391.5149230957031
image_171_jpg.rf.fec26ce83e64fc5ba0e55b170a33ba2c.jpg,stainless steel electric kettle,0.42944493889808655,380.1037902832031,102.30243682861328,624.6984252929688,426.3392333984375
image_124_jpg.rf.4c054042e20428b95a05bda9ae49dd87.jpg,stainless steel electric kettle,0.119010329246521,212.90060424804688,73.46202850341797,470.4776611328125,610.6309204101562
image_121_jpg.rf.6e92683316e27fa7bb0d64763ed29dec.jpg,stainless steel electric kettle,0.46941235661506653,1.9036102294921875,149.71304321289062,175.6010284423828,463.6909484863281
image_121_jpg.rf.6e92683316e27fa7bb0d64763ed29dec.jpg,stainless steel electric kettle,0.11333958059549332,567.4426879882812,197.7904510498047,640.388671875,462.4287414550781
image_159_jpg.rf.1012299c7c783a3f1e55c8e926293803.jpg,stainless steel electric kettle,0.11017294973134995,542.0472412109375,239.65328979492188,638.920654296875,386.218994140625
image_159_jpg.rf.1012299c7c783a3f1e55c8e926293803.jpg,stainless steel electric kettle,0.5169992446899414,287.3748474121094,232.46832275390625,555.9613037109375,513.7421875
image_170_jpg.rf.7253b6d1d7a8cd6069a084067e8a4ac6.jpg,stainless steel electric kettle,0.2676737308502197,422.61968994140625,274.4591064453125,598.194091796875,537.1705932617188
image_29_jpg.rf.42d3d038a6b1c786e5b0f0b0fb813255.jpg,stainless steel electric kettle,0.20910827815532684,291.1727294921875,250.39520263671875,453.7655029296875,532.9251708984375
image_29_jpg.rf.42d3d038a6b1c786e5b0f0b0fb813255.jpg,stainless steel electric kettle,0.3313601315021515,442.18505859375,324.7572326660156,610.8643188476562,598.8888549804688
image_14_jpg.rf.605d4f9f2e637e5ed3a3040985d4a443.jpg,stainless steel electric kettle,0.18937256932258606,389.1648864746094,133.65130615234375,637.545166015625,432.497802734375
image_14_jpg.rf.605d4f9f2e637e5ed3a3040985d4a443.jpg,stainless steel electric kettle,0.1159588098526001,151.3873748779297,99.67530822753906,292.55609130859375,488.4906005859375
image_14_jpg.rf.605d4f9f2e637e5ed3a3040985d4a443.jpg,stainless steel electric kettle,0.22742824256420135,292.7022705078125,140.19488525390625,431.47576904296875,449.5867614746094
image_98_jpg.rf.5e4799871544fb39daafe5df6b87695e.jpg,stainless steel electric kettle,0.18533726036548615,327.33831787109375,77.28107452392578,480.19317626953125,367.189697265625
image_115_jpg.rf.a2d67fb30bb6d59d0f05965a6cbbbcb2.jpg,stainless steel electric kettle,0.2677258253097534,92.90058135986328,300.54180908203125,283.2719421386719,539.962890625
image_115_jpg.rf.a2d67fb30bb6d59d0f05965a6cbbbcb2.jpg,stainless steel electric kettle,0.47564443945884705,323.4907531738281,360.5447998046875,543.8540649414062,565.019775390625
image_78_jpg.rf.694e178401e781a713c7523c43347a49.jpg,stainless steel electric kettle,0.5821509957313538,412.4547119140625,87.1225357055664,554.4638671875,358.6102600097656
image_24_fp_jpg.rf.9dfa04014d096c522e2e19d5c675b909.jpg,stainless steel electric kettle,0.14267969131469727,70.00740051269531,156.18710327148438,449.63116455078125,541.4595336914062
image_105_jpg.rf.933aa0446f81d5ba2aa81efd18585abd.jpg,stainless steel electric kettle,0.14161710441112518,448.0462951660156,101.57472229003906,635.1054077148438,442.604736328125
image_195_jpg.rf.6c500825ee531365670565af74619f2a.jpg,stainless steel electric kettle,0.32286515831947327,27.58477783203125,303.16680908203125,178.20265197753906,424.11309814453125
image_152_jpg.rf.b5e81f3d667c88653ec0e3daed2b065b.jpg,stainless steel electric kettle,0.31047505140304565,278.25128173828125,243.3788299560547,382.3673095703125,432.8927001953125
image_152_jpg.rf.b5e81f3d667c88653ec0e3daed2b065b.jpg,stainless steel electric kettle,0.10463234782218933,370.46807861328125,188.31927490234375,453.2857666015625,434.3829650878906
image_106_jpg.rf.8ae484dc31c83d07d9e0b5fcd45383bc.jpg,stainless steel electric kettle,0.3114698529243469,249.58111572265625,17.14193344116211,519.4027099609375,457.2677001953125
image_132_jpg.rf.ae811e2dbe0f9102447d1c31c7b9fad1.jpg,stainless steel electric kettle,0.12980465590953827,330.3038330078125,159.5314178466797,465.7513122558594,394.3739318847656
image_30_jpg.rf.e4a22899d47d07f0c9a7222a32af2d76.jpg,stainless steel electric kettle,0.44135990738868713,333.608642578125,368.888916015625,532.13134765625,551.26025390625
image_73_jpg.rf.f02d0d4438123907c5880a0bb96456be.jpg,stainless steel electric kettle,0.14333443343639374,435.620849609375,146.95252990722656,553.6372680664062,422.32965087890625
image_73_jpg.rf.f02d0d4438123907c5880a0bb96456be.jpg,stainless steel electric kettle,0.27378934621810913,57.13929748535156,210.76016235351562,176.99691772460938,416.9969177246094
image_73_jpg.rf.f02d0d4438123907c5880a0bb96456be.jpg,stainless steel electric kettle,0.27612367272377014,318.44708251953125,238.95606994628906,435.4803771972656,400.03631591796875
image_204_jpg.rf.d5d2fb6d90f3679b18f2d1c33adcc155.jpg,stainless steel electric kettle,0.2941352128982544,323.2084655761719,198.94769287109375,493.51934814453125,507.44818115234375
image_204_jpg.rf.d5d2fb6d90f3679b18f2d1c33adcc155.jpg,stainless steel electric kettle,0.15381674468517303,91.21340942382812,196.98951721191406,254.76870727539062,486.968017578125
image_204_jpg.rf.d5d2fb6d90f3679b18f2d1c33adcc155.jpg,stainless steel electric kettle,0.2922655940055847,181.9151153564453,297.3431091308594,372.33892822265625,526.235595703125
image_37_jpg.rf.40ee267b92d8d039ae269000fb2455cd.jpg,stainless steel electric kettle,0.15608181059360504,26.716232299804688,143.29104614257812,294.8426818847656,458.54290771484375
image_37_jpg.rf.40ee267b92d8d039ae269000fb2455cd.jpg,stainless steel electric kettle,0.21052031219005585,300.70159912109375,185.93553161621094,604.936767578125,417.0712890625
image_1_jpg.rf.094eabec7942b0598e2a8f71f1053872.jpg,stainless steel electric kettle,0.2048988938331604,440.0079345703125,174.00930786132812,639.6027221679688,584.6725463867188
image_89_jpg.rf.094b1485038cb2925250f6ca2fb3ad81.jpg,stainless steel electric kettle,0.14917804300785065,199.2808837890625,160.14768981933594,344.8433837890625,504.510498046875
image_89_jpg.rf.094b1485038cb2925250f6ca2fb3ad81.jpg,stainless steel electric kettle,0.2586096525192261,58.55987548828125,278.630859375,234.7471923828125,575.6946411132812
image_67_fp_jpg.rf.80e3d79195635b66051f7042c69fb2ea.jpg,stainless steel electric kettle,0.4749801754951477,138.11441040039062,282.02484130859375,161.95730590820312,346.48980712890625
image_67_fp_jpg.rf.80e3d79195635b66051f7042c69fb2ea.jpg,stainless steel electric kettle,0.12633168697357178,586.9600219726562,278.1204528808594,640.1589965820312,392.2155456542969
image_67_fp_jpg.rf.80e3d79195635b66051f7042c69fb2ea.jpg,stainless steel electric kettle,0.12416371703147888,585.170166015625,280.6669921875,639.7777709960938,399.6409912109375
image_60_fp_jpg.rf.d039f4ad6f11d0738786e78774867ad4.jpg,stainless steel electric kettle,0.25454050302505493,372.8081970214844,326.13427734375,440.7077331542969,378.18975830078125
image_19_jpg.rf.b206ed1b4983b354ef422a8dc7dcb3cb.jpg,stainless steel electric kettle,0.31224197149276733,23.709430694580078,291.04412841796875,304.8434143066406,512.835693359375
image_19_jpg.rf.b206ed1b4983b354ef422a8dc7dcb3cb.jpg,stainless steel electric kettle,0.26098355650901794,442.0212097167969,316.9946594238281,567.5317993164062,427.344970703125
image_19_jpg.rf.b206ed1b4983b354ef422a8dc7dcb3cb.jpg,stainless steel electric kettle,0.10526643693447113,356.93121337890625,392.6068420410156,462.50341796875,478.29302978515625
image_182_jpg.rf.a0ca123d0f3940f03b7c7e84423de3ce.jpg,stainless steel electric kettle,0.1429852992296219,379.743408203125,85.06851196289062,621.3231811523438,458.9471740722656
image_99_jpg.rf.084ad879ae7fda057d344679b867c49d.jpg,stainless steel electric kettle,0.3301134407520294,139.15513610839844,203.471923828125,433.6785888671875,575.9403076171875
image_112_jpg.rf.b2b482597b93a91a11cafa0511c4950f.jpg,stainless steel electric kettle,0.28569167852401733,304.3492431640625,236.9092559814453,632.5713500976562,588.6577758789062
image_54_jpg.rf.4cee5277a45913f68aee80f248037a26.jpg,stainless steel electric kettle,0.22341693937778473,124.76898193359375,163.96514892578125,642.6062622070312,538.6248779296875
image_193_jpg.rf.6d9fa1cc65f42c78218a26cdd576973a.jpg,stainless steel electric kettle,0.4448142647743225,443.9953918457031,116.01402282714844,605.2640991210938,433.9332275390625
image_102_jpg.rf.c3f41f328b1023a6b005362c42de90b5.jpg,stainless steel electric kettle,0.3628072738647461,33.5154914855957,199.20050048828125,278.74591064453125,571.4906005859375
image_102_jpg.rf.c3f41f328b1023a6b005362c42de90b5.jpg,stainless steel electric kettle,0.12110771238803864,241.970947265625,209.99227905273438,354.6075134277344,447.16552734375
image_205_jpg.rf.20fe8d7fc56c7b283950cd560c315350.jpg,stainless steel electric kettle,0.49130740761756897,344.36444091796875,179.989013671875,641.441650390625,403.55059814453125
image_108_jpg.rf.d71d96551b693dc1b21bf05385934591.jpg,stainless steel electric kettle,0.22736623883247375,1.0878562927246094,243.0353546142578,386.60009765625,639.0955810546875
image_48_jpg.rf.72102d6e4c3dfa9db9227fcd23467ff6.jpg,stainless steel electric kettle,0.30751410126686096,340.1466369628906,305.6451416015625,524.9926147460938,489.88226318359375
image_48_jpg.rf.72102d6e4c3dfa9db9227fcd23467ff6.jpg,stainless steel electric kettle,0.1143970787525177,173.77798461914062,311.538818359375,316.9754638671875,521.2553100585938
image_96_jpg.rf.ca49ebf15945f24216c614e2bdcc549f.jpg,stainless steel electric kettle,0.2982475459575653,336.6566467285156,102.74532318115234,622.3495483398438,533.47119140625
image_149_jpg.rf.7bb16d6da94ad8d8c2b39ab1862c695f.jpg,stainless steel electric kettle,0.2237168252468109,411.97760009765625,180.56344604492188,598.8262939453125,562.5513305664062
image_45_jpg.rf.9a804259c51976cfba320cb2f92e883e.jpg,stainless steel electric kettle,0.13743309676647186,90.47454071044922,193.35894775390625,282.5280456542969,493.15020751953125
image_45_jpg.rf.9a804259c51976cfba320cb2f92e883e.jpg,stainless steel electric kettle,0.22146591544151306,363.13848876953125,276.3053283691406,584.4862060546875,490.1203918457031
image_188_jpg.rf.7ec982546b12fa510af6bfc40c6b45d8.jpg,stainless steel electric kettle,0.1933702528476715,197.57249450683594,398.1264953613281,305.9827575683594,585.2327880859375
image_167_jpg.rf.5b9ddc6cc0cded1b627e1006633d0de6.jpg,stainless steel electric kettle,0.1042032241821289,17.510414123535156,64.39647674560547,595.3567504882812,488.1196594238281
image_110_jpg.rf.25f6b377b5db0b06227fbc741d580fd5.jpg,stainless steel electric kettle,0.2566671073436737,74.0976333618164,112.63449096679688,602.678955078125,534.4598999023438
image_120_jpg.rf.61cbeae87522aed96091fdf0845ef3a9.jpg,stainless steel electric kettle,0.5732601284980774,106.52037048339844,148.41616821289062,409.1419982910156,570.983154296875
image_74_jpg.rf.370cbd3240ce2eb9cc9cdb2c0d8fef9b.jpg,stainless steel electric kettle,0.1529591828584671,164.8560333251953,306.5821533203125,202.25173950195312,385.62152099609375
image_192_jpg.rf.a6ae9a87bbb4334e1dc2e4af454a630a.jpg,stainless steel electric kettle,0.3393632471561432,351.93475341796875,205.49224853515625,520.9154663085938,357.305419921875
