amenity,prompt,conf,precision,recall,f1,mean_iou,tp,fp,fn
bathtub,baseline,0.05,0.677536231884058,0.8657407407407407,0.7601626016260163,0.6408646417111493,187,89,29
bathtub,baseline,0.15,0.7777777777777778,0.7129629629629629,0.7439613526570048,0.6922204175036103,154,44,62
bathtub,baseline,0.25,0.8632478632478633,0.4675925925925926,0.6066066066066067,0.7462606080056599,101,16,115
bathtub,baseline,0.35,0.9295774647887324,0.3055555555555556,0.4599303135888502,0.7574832575427148,66,5,150
bathtub,baseline,0.45,0.9428571428571428,0.1527777777777778,0.26294820717131473,0.7384899779131858,33,2,183
bathtub,long,0.05,0.5520833333333334,0.7361111111111112,0.6309523809523809,0.5529443608265772,159,129,57
bathtub,long,0.15,0.7151898734177216,0.5231481481481481,0.6042780748663101,0.6552349717231087,113,45,103
bathtub,long,0.25,0.9137931034482759,0.24537037037037038,0.38686131386861317,0.7448273611952466,53,5,163
bathtub,long,0.35,0.9523809523809523,0.09259259259259259,0.16877637130801687,0.7615588850077504,20,1,196
bathtub,long,0.45,1.0,0.032407407407407406,0.06278026905829596,0.8207448642974337,7,0,209
bathtub,variants,0.05,0.43735763097949887,0.8888888888888888,0.5862595419847327,0.5083589126994967,192,247,24
bathtub,variants,0.15,0.6448979591836734,0.7314814814814815,0.685466377440347,0.6149743130963407,158,87,58
bathtub,variants,0.25,0.828125,0.49074074074074076,0.6162790697674418,0.7228331559654317,106,22,110
bathtub,variants,0.35,0.9305555555555556,0.3101851851851852,0.4652777777777778,0.7595143613234496,67,5,149
bathtub,variants,0.45,0.9428571428571428,0.1527777777777778,0.26294820717131473,0.7384899779131858,33,2,183
kettle,baseline,0.05,0.6502242152466368,0.7213930348258707,0.6839622641509434,0.5732073097045144,145,78,56
kettle,baseline,0.15,0.7741935483870968,0.5970149253731343,0.6741573033707865,0.6461221222311696,120,35,81
kettle,baseline,0.25,0.8860759493670886,0.3482587064676617,0.5,0.7290111239347987,70,9,131
kettle,baseline,0.35,0.9642857142857143,0.13432835820895522,0.2358078602620087,0.7864823640707052,27,1,174
kettle,baseline,0.45,0.75,0.014925373134328358,0.029268292682926828,0.7444453102982855,3,1,198
kettle,electric,0.05,0.726775956284153,0.6616915422885572,0.6927083333333334,0.6036541460157488,133,50,68
kettle,electric,0.15,0.8559322033898306,0.5024875621890548,0.6332288401253919,0.7042202702888137,101,17,100
kettle,electric,0.25,0.9148936170212766,0.21393034825870647,0.3467741935483871,0.7664570947162899,43,4,158
kettle,electric,0.35,0.8571428571428571,0.05970149253731343,0.1116279069767442,0.8085389639455208,12,2,189
kettle,electric,0.45,1.0,0.004975124378109453,0.0099009900990099,0.7723070273350291,1,0,200
kettle,long,0.05,0.5875912408759124,0.8009950248756219,0.6778947368421053,0.5136769532624206,161,113,40
kettle,long,0.15,0.7046632124352331,0.6766169154228856,0.6903553299492386,0.5827115143520225,136,57,65
kettle,long,0.25,0.8695652173913043,0.4975124378109453,0.6329113924050632,0.7083736400226411,100,15,101
kettle,long,0.35,0.9069767441860465,0.19402985074626866,0.319672131147541,0.7533955229576603,39,4,162
kettle,long,0.45,0.875,0.06965174129353234,0.12903225806451613,0.7828996308325182,14,2,187
kettle,variants,0.05,0.6244725738396625,0.736318407960199,0.6757990867579908,0.5538579749006186,148,89,53
kettle,variants,0.15,0.7544910179640718,0.6268656716417911,0.6847826086956521,0.6273732595837291,126,41,75
kettle,variants,0.25,0.8837209302325582,0.3781094527363184,0.5296167247386759,0.7217178971650269,76,10,125
kettle,variants,0.35,0.9375,0.14925373134328357,0.2575107296137339,0.7852284221150314,30,2,171
kettle,variants,0.45,0.75,0.014925373134328358,0.029268292682926828,0.7444453102982855,3,1,198
hairdryer,baseline,0.05,0.7661691542288557,0.7162790697674418,0.7403846153846153,0.6898858180412558,154,47,61
hairdryer,baseline,0.15,0.8803418803418803,0.4790697674418605,0.6204819277108434,0.7288672708814775,103,14,112
hairdryer,baseline,0.25,0.9818181818181818,0.25116279069767444,0.4,0.7880820027473733,54,1,161
hairdryer,baseline,0.35,1.0,0.07906976744186046,0.14655172413793102,0.7884591089895564,17,0,198
hairdryer,baseline,0.45,1.0,0.004651162790697674,0.009259259259259259,0.8596770518823634,1,0,214
hairdryer,long,0.05,0.7586206896551724,0.30697674418604654,0.4370860927152318,0.7149374194337024,66,21,149
hairdryer,long,0.15,0.8620689655172413,0.11627906976744186,0.20491803278688525,0.7727769864346564,25,4,190
hairdryer,long,0.25,1.0,0.013953488372093023,0.027522935779816512,0.8439789211835689,3,0,212
hairdryer,long,0.35,1.0,0.009302325581395349,0.018433179723502304,0.8286070282370603,2,0,213
hairdryer,long,0.45,0.0,0.0,0.0,0.0,0,0,215
hairdryer,variants,0.05,0.5941558441558441,0.8511627906976744,0.6998087954110899,0.6481054554083671,183,125,32
hairdryer,variants,0.15,0.7821782178217822,0.7348837209302326,0.7577937649880097,0.6987616426709554,158,44,57
hairdryer,variants,0.25,0.918918918918919,0.4744186046511628,0.6257668711656441,0.7698133577869051,102,9,113
hairdryer,variants,0.35,1.0,0.28837209302325584,0.4476534296028881,0.7753377293706833,62,0,153
hairdryer,variants,0.45,1.0,0.08372093023255814,0.15450643776824036,0.7806053530285214,18,0,197
mirror,baseline,0.05,0.3748006379585327,0.8422939068100358,0.5187637969094923,0.5495654790089018,235,392,44
mirror,baseline,0.15,0.5307262569832403,0.6810035842293907,0.5965463108320251,0.6329137785085495,190,168,89
mirror,baseline,0.25,0.7625,0.43727598566308246,0.5558086560364464,0.7177029728929076,122,38,157
mirror,baseline,0.35,0.8214285714285714,0.16487455197132617,0.2746268656716418,0.7360668343029223,46,10,233
mirror,baseline,0.45,0.9130434782608695,0.07526881720430108,0.1390728476821192,0.7681861027048922,21,2,258
mirror,long,0.05,0.3964757709251101,0.6451612903225806,0.49113233287858127,0.47849920068865215,180,274,99
mirror,long,0.15,0.5534883720930233,0.4265232974910394,0.4817813765182186,0.5305828407791681,119,96,160
mirror,long,0.25,0.6301369863013698,0.16487455197132617,0.26136363636363635,0.5732723695359476,46,27,233
mirror,long,0.35,0.6153846153846154,0.05734767025089606,0.10491803278688525,0.4961278035301858,16,10,263
mirror,long,0.45,0.5555555555555556,0.017921146953405017,0.034722222222222224,0.3813144720377654,5,4,274
mirror,variants,0.05,0.19595645412130638,0.9032258064516129,0.32204472843450477,0.4200629740647872,252,1034,27
mirror,variants,0.15,0.3323442136498516,0.8028673835125448,0.47009443861490036,0.5283159425567628,224,450,55
mirror,variants,0.25,0.599250936329588,0.5734767025089605,0.5860805860805861,0.6674402490026866,160,107,119
mirror,variants,0.35,0.7982456140350878,0.32616487455197135,0.4631043256997456,0.7420831531104467,91,23,188
mirror,variants,0.45,0.8936170212765957,0.15053763440860216,0.2576687116564417,0.7783409378110343,42,5,237
tv,baseline,0.05,0.8052434456928839,0.7846715328467153,0.7948243992606284,0.7501546162494118,215,52,59
tv,baseline,0.15,0.8854166666666666,0.6204379562043796,0.7296137339055795,0.780080125978241,170,22,104
tv,baseline,0.25,0.9626168224299065,0.3759124087591241,0.5406824146981627,0.8354318748770527,103,4,171
tv,baseline,0.35,0.984375,0.22992700729927007,0.37278106508875736,0.8510224511542934,63,1,211
tv,baseline,0.45,1.0,0.15693430656934307,0.27129337539432175,0.859060691035862,43,0,231
tv,long,0.05,0.7746478873239436,0.6021897810218978,0.677618069815195,0.7647521146406439,165,48,109
tv,long,0.15,0.8956521739130435,0.3759124087591241,0.5295629820051414,0.8088038179063047,103,12,171
tv,long,0.25,1.0,0.14233576642335766,0.24920127795527153,0.8493114079742469,39,0,235
tv,long,0.35,1.0,0.05474452554744526,0.10380622837370243,0.8476808537497794,15,0,259
tv,long,0.45,1.0,0.010948905109489052,0.021660649819494584,0.9025140231994259,3,0,271
tv,variants,0.05,0.4075342465753425,0.8686131386861314,0.5547785547785549,0.45219504414159534,238,346,36
tv,variants,0.15,0.6780185758513931,0.7992700729927007,0.7336683417085428,0.6362656022348788,219,104,55
tv,variants,0.25,0.8771929824561403,0.5474452554744526,0.6741573033707865,0.7727126382401108,150,21,124
tv,variants,0.35,0.979381443298969,0.3467153284671533,0.5121293800539084,0.8472101365074978,95,2,179
tv,variants,0.45,1.0,0.20072992700729927,0.3343465045592705,0.8594626555958387,55,0,219
