amenity,kind,file
bathtub,positive,image_205_jpg.rf.3a9d2058fadc0f8ba542e2eae3ee3009.jpg
bathtub,positive,image_31_jpg.rf.dc9e4e313d10b0f808a1a79d56487d79.jpg
bathtub,positive,image_93_jpg.rf.46e1dc76f8cf9cce699869628fe8bd12.jpg
bathtub,positive,image_78_jpg.rf.f74697c0839071d8287b1c2fc2294013.jpg
bathtub,positive,image_214_jpg.rf.8df04a6e1f62b15584638a9b97bef080.jpg
bathtub,positive,image_55_jpg.rf.f44878d3b1431b6b4d21e9c4caa73a42.jpg
bathtub,negative,image_296_fp_jpg.rf.657660ec8f4c504d2a0ad942a8147fe5.jpg
bathtub,negative,image_292_fp_jpg.rf.93c83aadff73bc71442320bd9f40f8db.jpg
bathtub,user_study,image_146_jpg.rf.abbdd11aaa159ff6009c5a2074fa677f.jpg
bathtub,user_study,image_23_jpg.rf.1ad7314110e7a61336d8305cdcea5775.jpg
bathtub,user_study,image_181_jpg.rf.8aa57b33c2090b52196b75217d22793c.jpg
kettle,positive,image_116_jpg.rf.3824c4676c4ca0d81447819eb5e9edb3.jpg
kettle,positive,image_199_jpg.rf.6a8fb9a9bd553642172544f9f4716156.jpg
kettle,positive,image_151_jpg.rf.0695fa0fe6757ccf1304a5bd3357ce1a.jpg
kettle,positive,image_154_jpg.rf.c84fdea7af8cff400b41d1de8af25b43.jpg
kettle,positive,image_197_jpg.rf.481933d357dbe73315c0fe232ec8ff13.jpg
kettle,positive,image_115_jpg.rf.a2d67fb30bb6d59d0f05965a6cbbbcb2.jpg
kettle,negative,image_9_fp_jpg.rf.c8ff80f1075dc5a57d7325ac316c2c3e.jpg
kettle,negative,image_27_fp_jpg.rf.e298c4aea310185d2059031d46210c78.jpg
kettle,user_study,image_169_jpg.rf.b4fc429a6f6fa32474e0aad70912fcaa.jpg
kettle,user_study,image_53_jpg.rf.d4845c172e9e95d199fb5a1119e1820f.jpg
kettle,user_study,image_113_jpg.rf.faa92a37eb3a6d1f5f7fe5ee9c1d7571.jpg
hairdryer,positive,image_9_jpg.rf.d4ffcb300c5f1ee63829325fd954420b.jpg
hairdryer,positive,image_191_jpg.rf.d5eaee5f1d99025f99c914bbbb77e3e3.jpg
hairdryer,positive,image_195_jpg.rf.a65b228ba561bc5716fb2b2e2dd342c9.jpg
hairdryer,positive,image_222_jpg.rf.55764fe32c20e6b83f1904e6dcf2aec3.jpg
hairdryer,positive,image_98_jpg.rf.1627fe0d93bfea7199628dcf80dc7e15.jpg
hairdryer,positive,image_203_jpg.rf.0396ec617c8c6164aea7cb1ca39e669a.jpg
hairdryer,negative,image_297_fp_jpg.rf.7c56ad957e05e3b3a889d3e2ab45040b.jpg
hairdryer,negative,image_42_jpg.rf.f303222cbaf8af30e975bc4f9b288378.jpg
hairdryer,user_study,image_3_jpg.rf.b0aa366ebbf555c57aa9d25b11c62508.jpg
hairdryer,user_study,image_217_jpg.rf.9ff102abfffe891a26c5fc9db2ea8d93.jpg
hairdryer,user_study,image_76_jpg.rf.9c63266dc6ff469fbc1a1f2cca4c26f8.jpg
mirror,positive,image_230_jpg.rf.eabd64b668746be0899c900330eba20d.jpg
mirror,positive,image_125_jpg.rf.eb81a74b2db33c40f967b5b764871f42.jpg
mirror,positive,image_148_jpg.rf.b811cdc5e00a529ac51cce4f8cdd2372.jpg
mirror,positive,image_139_jpg.rf.940f7ad0f3dc9dae2ea48a181201db26.jpg
mirror,positive,image_268_jpg.rf.3a9116d91e07426721365916e83385c1.jpg
mirror,positive,image_47_jpg.rf.96293245cfc6b122bb2f913bac78d186.jpg
mirror,user_study,image_160_jpg.rf.9aefe5c0bc4398fa1eed24f128181101.jpg
mirror,user_study,image_132_jpg.rf.996072d85417f2f38443df1a1389ca4f.jpg
mirror,user_study,image_62_jpg.rf.e5a661b59a29e45f9c21c846aa924ed0.jpg
tv,positive,image_79_jpg.rf.ba14f76a3f6fc12ddc527986f59bb525.jpg
tv,positive,image_192_jpg.rf.7236470eec130bd9324588861ff706d3.jpg
tv,positive,jasa-service-tv_jpg.rf.a864868203645ea6c8d26373ebe8a1e4.jpg
tv,positive,image_35_jpg.rf.92a7a8c40d310da12c0bf86f3c5dde6e.jpg
tv,positive,image_5_jpg.rf.a79862578dcb1e0f983b74094ddeeadb.jpg
tv,positive,image_66_jpg.rf.52e3c3a829dec3f269743dbbc438985f.jpg
tv,negative,image_11_jpg.rf.41344cf0fd4cdec03e49d357c48ee4ca.jpg
tv,negative,image_90_jpg.rf.6f084aed1f5be00d9bab480e753b29e3.jpg
tv,user_study,image_205_jpg.rf.6146aa0b31cde49cf0d6d0d9094170ea.jpg
tv,user_study,image_92_jpg.rf.29b4489c05f4ae6b580d2f6fc0eebece.jpg
tv,user_study,image_104_jpg.rf.c2b1f05027202eb3d62d7607980006c8.jpg
