respondent_id,age_range,travel_frequency,booked_online_2y,photo_importance,warmup_rating,feature_useful,vs_descriptions,most_helpful_amenity,comment
P01,26-35,Occasionally (2-4 times per year),Yes,Critical to my decision,4.0,Extremely useful,5,Hairdryer,
P02,26-35,Rarely (0-1 times per year),Yes,Very important,5.0,Moderately useful,3,Bathtub,
P03,18-25,Occasionally (2-4 times per year),Yes,Very important,5.0,Moderately useful,3,Bathtub,
P04,26-35,Occasionally (2-4 times per year),Yes,Very important,5.0,Extremely useful,5,TV,
P05,18-25,Rarely (0-1 times per year),Yes,Somewhat important,5.0,Moderately useful,4,Bathtub,
P06,36-50,Frequently (5-10 times per year),Yes,Important,4.0,Moderately useful,3,Bathtub,
P07,26-35,Frequently (5-10 times per year),Yes,Very important,5.0,Moderately useful,4,Kettle,
P08,26-35,Occasionally (2-4 times per year),Yes,Critical to my decision,3.0,Moderately useful,3,Bathtub,
P09,18-25,Occasionally (2-4 times per year),No,Critical to my decision,5.0,Extremely useful,5,Bathtub,
P10,26-35,Frequently (5-10 times per year),Yes,Critical to my decision,3.0,Moderately useful,4,Mirror,
P11,36-50,Occasionally (2-4 times per year),Yes,Important,2.0,Slightly useful,3,Bathtub,
P12,26-35,Occasionally (2-4 times per year),Yes,Critical to my decision,5.0,Extremely useful,4,Bathtub,
P13,26-35,Frequently (5-10 times per year),Yes,Very important,4.0,Moderately useful,3,TV,"I think the questions could be designed based on some kind of user profiling. Someone traveling on business could find the detailed questions about the TV more useful and the kettle, maybe not so much. A couple might find the bathtub questions more relevant. Co-relating the AI questions based on the user and the booking type could deem to be useful. "
P14,36-50,Occasionally (2-4 times per year),Yes,Important,4.0,Slightly useful,2,Bathtub,
P15,26-35,Occasionally (2-4 times per year),Yes,Very important,2.0,Slightly useful,2,TV,
P16,26-35,Occasionally (2-4 times per year),Yes,Somewhat important,2.0,Slightly useful,3,Kettle,
P17,26-35,Rarely (0-1 times per year),Yes,Important,4.0,Moderately useful,5,Mirror,
P18,26-35,Rarely (0-1 times per year),No,Very important,3.0,Moderately useful,4,Bathtub,
P19,26-35,Occasionally (2-4 times per year),Yes,Somewhat important,5.0,Moderately useful,3,Bathtub,
P20,18-25,Occasionally (2-4 times per year),Yes,Somewhat important,3.0,Slightly useful,3,TV,
P21,36-50,Very frequently (10+ times per year),Yes,Very important,,Moderately useful,4,Bathtub,
P22,26-35,Occasionally (2-4 times per year),Yes,Important,1.0,Slightly useful,3,Kettle,
P23,18-25,Occasionally (2-4 times per year),Yes,Important,3.0,Extremely useful,5,Hairdryer,
P24,26-35,Occasionally (2-4 times per year),Yes,Critical to my decision,5.0,Extremely useful,5,Bathtub,
P25,26-35,Occasionally (2-4 times per year),Yes,Somewhat important,,Extremely useful,3,TV,Like the idea! A lot
P26,26-35,Occasionally (2-4 times per year),Yes,Important,3.0,Moderately useful,4,Kettle,
P27,18-25,Occasionally (2-4 times per year),Yes,Very important,3.0,Slightly useful,2,Hairdryer,
P28,26-35,Rarely (0-1 times per year),No,Important,3.0,Slightly useful,2,TV,
P29,26-35,Occasionally (2-4 times per year),Yes,Critical to my decision,,Moderately useful,4,Hairdryer,
P30,18-25,Occasionally (2-4 times per year),Yes,Important,5.0,Extremely useful,4,Bathtub,
P31,36-50,Frequently (5-10 times per year),Yes,Important,,Slightly useful,2,Hairdryer,
P32,26-35,Occasionally (2-4 times per year),No,Critical to my decision,4.0,Slightly useful,2,TV,
P33,26-35,Occasionally (2-4 times per year),Yes,Very important,3.0,Moderately useful,3,Kettle,It's quite difficult to determine the quality of these questions as some things are already evident from the photos.
P34,26-35,Occasionally (2-4 times per year),Yes,Critical to my decision,,Not at all useful,1,TV,
P35,18-25,Rarely (0-1 times per year),No,Critical to my decision,3.0,Moderately useful,3,TV,
P36,18-25,Occasionally (2-4 times per year),Yes,Very important,2.0,Slightly useful,4,Kettle,"Never really given any attention to these things in detail, but if the AI generated questions are provided, depending on the type of trip, it can help solve a lot of problems in general."
P37,18-25,Rarely (0-1 times per year),Yes,Very important,,Moderately useful,3,Hairdryer,
