amenity,model,bertscore,std,n
bathtub,Gemini 2.5 Flash,0.705,0.039,25
bathtub,Gemini 2.5 Pro,0.708,0.048,25
bathtub,Gemini 3.0 Pro Preview,0.719,0.034,25
tv,Gemini 2.5 Flash,0.686,0.024,25
tv,Gemini 2.5 Pro,0.678,0.027,25
tv,Gemini 3.0 Pro Preview,0.697,0.031,25
kettle,Gemini 2.5 Flash,0.686,0.045,25
kettle,Gemini 2.5 Pro,0.696,0.045,25
kettle,Gemini 3.0 Pro Preview,0.698,0.033,25
hairdryer,Gemini 2.5 Flash,0.717,0.065,25
hairdryer,Gemini 2.5 Pro,0.684,0.046,25
hairdryer,Gemini 3.0 Pro Preview,0.694,0.042,25
mirror,Gemini 2.5 Flash,0.704,0.036,25
mirror,Gemini 2.5 Pro,0.707,0.046,25
mirror,Gemini 3.0 Pro Preview,0.728,0.036,25
