amenity,profile,questions,fallback_rate,specificity,alignment,avg_words
bathtub,single,828,3.260869565217391,0.6743357487922707,0.322463768115942,18.971014492753625
bathtub,couple,828,1.2077294685990339,0.6668478260869565,0.6391304347826088,17.345410628019323
bathtub,group,828,4.951690821256038,0.5964975845410628,0.5618357487922705,19.346618357487923
kettle,single,549,4.735883424408015,0.6438979963570127,0.49653916211293264,16.76502732240437
kettle,couple,549,1.4571948998178506,0.6791438979963571,0.5774134790528234,19.40983606557377
kettle,group,549,0.0,0.6812386156648452,0.5905282331511841,19.67030965391621
hairdryer,single,603,0.33167495854063017,0.6847429519071311,0.5097844112769486,20.814262023217246
hairdryer,couple,603,0.6633499170812603,0.6398839137645108,0.5223880597014925,21.759535655058045
hairdryer,group,603,2.8192371475953566,0.6392205638474295,0.5349917081260365,21.038142620232172
mirror,single,1872,1.014957264957265,0.6239850427350427,0.35160256410256413,18.94604700854701
mirror,couple,1872,1.8162393162393162,0.5909989316239316,0.601068376068376,20.011752136752136
mirror,group,1872,1.4957264957264957,0.6607638888888888,0.5841880341880341,20.29433760683761
tv,single,801,1.373283395755306,0.5112359550561798,0.5677902621722846,20.761548064918852
tv,couple,801,0.8739076154806492,0.6079275905118602,0.6644194756554308,19.73283395755306
tv,group,801,1.4981273408239701,0.6147940074906367,0.5865168539325842,19.827715355805243
